wall_time,ros_time_sec,event,mode,stable_gesture,nav_lin_x,nav_ang_z,out_lin_x,out_ang_z
2026-04-27T20:13:22,1777335202.839,pass_nav,IDLE,None,0.0000,0.0000,0.0000,0.0000
2026-04-27T20:13:53,1777335233.283,speed_limit,IDLE,ThumbUp,0.0000,0.0000,0.0000,0.0000
2026-04-27T20:13:53,1777335233.433,estop_fist,IDLE,Fist,0.0000,0.0000,0.0000,0.0000
2026-04-27T20:13:54,1777335234.333,speed_limit,IDLE,ThumbUp,0.0000,0.0000,0.0000,0.0000
2026-04-27T20:13:54,1777335234.732,pass_nav,IDLE,None,0.0000,0.0000,0.0000,0.0000
2026-04-27T20:14:01,1777335241.432,estop_fist,IDLE,Fist,0.0000,0.0000,0.0000,0.0000
2026-04-27T20:14:03,1777335243.883,pass_nav,NAV,OpenPalm,0.0000,0.0000,0.0000,0.0000
2026-04-27T20:14:06,1777335246.482,correct_left,NAV,PointLeft,0.0000,0.0000,0.0000,0.3500
2026-04-27T20:14:10,1777335250.183,correct_right,NAV,PointRight,0.0000,0.0000,0.0000,-0.3500
2026-04-27T20:14:14,1777335254.382,speed_limit,NAV,ThumbUp,0.0000,0.0000,0.0000,0.0000
2026-04-27T20:14:28,1777335268.131,estop_fist,IDLE,Fist,0.0000,0.0000,0.0000,0.0000
2026-04-27T20:14:31,1777335271.083,pass_nav,IDLE,None,0.0000,0.0000,0.0000,0.0000
2026-04-27T20:15:03,1777335303.483,estop_fist,IDLE,Fist,0.2200,-0.2308,0.0000,0.0000
2026-04-27T20:15:06,1777335306.084,pass_nav,NAV,OpenPalm,0.2084,-0.0769,0.2084,-0.0769
2026-04-27T20:15:07,1777335307.433,correct_left,NAV,PointLeft,0.2200,-0.1795,0.2200,0.1705
2026-04-27T20:15:12,1777335312.732,correct_right,NAV,PointRight,0.2200,-0.0769,0.2200,-0.4269
2026-04-27T20:15:14,1777335314.932,correct_left,NAV,PointLeft,0.2200,0.0256,0.2200,0.3756
2026-04-27T20:15:17,1777335317.032,estop_fist,IDLE,Fist,0.2200,-0.1282,0.0000,0.0000
2026-04-27T20:15:17,1777335317.883,speed_limit,IDLE,ThumbUp,0.2200,-0.1282,0.0990,-0.0577
2026-04-27T20:15:18,1777335318.033,pass_nav,IDLE,OpenPalm,0.2200,-0.1282,0.2200,-0.1282
2026-04-27T20:15:54,1777335354.533,estop_fist,IDLE,Fist,0.1968,0.0256,0.0000,0.0000
2026-04-27T20:15:56,1777335356.132,correct_right,IDLE,PointRight,0.1968,0.0256,0.1968,-0.3244
2026-04-27T20:15:58,1777335358.433,speed_limit,IDLE,ThumbUp,0.2200,0.2821,0.0990,0.1269
2026-04-27T20:15:58,1777335358.532,estop_fist,IDLE,Fist,0.2084,0.3846,0.0000,0.0000
2026-04-27T20:16:04,1777335364.832,pass_nav,NAV,OpenPalm,0.2200,0.2821,0.2200,0.2821
2026-04-27T20:16:06,1777335366.532,correct_right,NAV,PointRight,0.1968,0.0000,0.1968,-0.3500
2026-04-27T20:16:07,1777335367.782,correct_left,NAV,PointLeft,0.2084,0.2821,0.2084,0.6321
2026-04-27T20:16:11,1777335371.082,pass_nav,NAV,OpenPalm,0.0232,-0.8462,0.0232,-0.8462
2026-04-27T20:16:15,1777335375.832,speed_limit,NAV,ThumbUp,0.0463,1.0000,0.0208,0.4500
2026-04-27T20:16:16,1777335376.082,pass_nav,IDLE,None,0.0463,1.0000,0.0463,1.0000
2026-04-27T20:17:23,1777335443.232,estop_fist,IDLE,Fist,0.0000,0.0000,0.0000,0.0000
2026-04-27T20:17:26,1777335446.532,pass_nav,IDLE,None,0.0000,0.0000,0.0000,0.0000
2026-04-27T20:17:34,1777335454.832,estop_fist,IDLE,Fist,0.1968,0.0000,0.0000,0.0000
2026-04-27T20:17:37,1777335457.632,speed_limit,IDLE,ThumbUp,0.1968,0.0000,0.0886,0.0000
2026-04-27T20:17:37,1777335457.783,pass_nav,IDLE,OpenPalm,0.2200,0.0000,0.2200,0.0000
2026-04-27T20:17:39,1777335459.082,estop_fist,IDLE,Fist,0.2084,0.0000,0.0000,0.0000
2026-04-27T20:17:52,1777335472.533,correct_right,IDLE,PointRight,0.2084,-0.2821,0.2084,-0.6321
2026-04-27T20:17:56,1777335476.332,pass_nav,IDLE,OpenPalm,0.1389,0.2821,0.1389,0.2821
2026-04-27T20:18:01,1777335481.183,speed_limit,IDLE,ThumbUp,0.0000,-0.4359,0.0000,-0.1962
2026-04-27T20:18:01,1777335481.484,estop_fist,IDLE,Fist,0.0000,-0.2821,0.0000,0.0000
2026-04-27T20:18:04,1777335484.584,correct_left,IDLE,PointLeft,0.0000,0.0000,0.0000,0.3500
2026-04-27T20:18:04,1777335484.733,pass_nav,IDLE,None,0.0000,0.0000,0.0000,0.0000
2026-04-27T20:18:11,1777335491.682,estop_fist,IDLE,Fist,0.2200,-0.6923,0.0000,0.0000
2026-04-27T20:18:17,1777335497.932,speed_limit,IDLE,ThumbUp,0.2084,-0.1795,0.0938,-0.0808
2026-04-27T20:18:18,1777335498.132,pass_nav,IDLE,OpenPalm,0.2084,-0.1795,0.2084,-0.1795
2026-04-27T20:18:20,1777335500.183,speed_limit,IDLE,ThumbUp,0.2084,0.2308,0.0938,0.1038
2026-04-27T20:18:20,1777335500.332,estop_fist,IDLE,Fist,0.2084,0.2308,0.0000,0.0000
2026-04-27T20:18:23,1777335503.632,speed_limit,IDLE,ThumbUp,0.2200,0.0769,0.0990,0.0346
2026-04-27T20:18:23,1777335503.736,correct_left,IDLE,PointLeft,0.2200,0.0769,0.2200,0.4269
2026-04-27T20:18:26,1777335506.333,correct_right,IDLE,PointRight,0.1968,-0.2308,0.1968,-0.5808
2026-04-27T20:18:29,1777335509.082,correct_left,IDLE,PointLeft,0.2084,0.6923,0.2084,1.0423
2026-04-27T20:18:29,1777335509.382,pass_nav,IDLE,OpenPalm,0.2200,0.6923,0.2200,0.6923
2026-04-27T20:18:31,1777335511.634,speed_limit,IDLE,TwoFingers,0.2200,0.0769,0.0990,0.0346
2026-04-27T20:18:36,1777335516.032,pass_nav,IDLE,OpenPalm,0.2200,0.0769,0.2200,0.0769
2026-04-27T20:18:39,1777335519.584,estop_fist,IDLE,Fist,0.1968,0.3333,0.0000,0.0000
2026-04-27T20:18:44,1777335524.232,pass_nav,NAV,OpenPalm,0.2200,-0.0256,0.2200,-0.0256
2026-04-27T20:18:48,1777335528.484,speed_limit,NAV,ThumbUp,0.1968,0.1282,0.0886,0.0577
2026-04-27T20:18:52,1777335532.183,pass_nav,IDLE,None,0.0000,0.8974,0.0000,0.8974
2026-04-27T20:19:15,1777335555.933,estop_fist,IDLE,Fist,0.2200,0.4872,0.0000,0.0000
2026-04-27T20:19:19,1777335559.032,speed_limit,IDLE,ThumbUp,0.1968,-0.1282,0.0886,-0.0577
2026-04-27T20:19:19,1777335559.135,pass_nav,IDLE,OpenPalm,0.1968,-0.1282,0.1968,-0.1282
2026-04-27T20:19:20,1777335560.833,estop_fist,IDLE,Fist,0.2084,0.1282,0.0000,0.0000
2026-04-27T20:19:35,1777335575.433,correct_left,IDLE,PointLeft,0.2084,-0.1795,0.2084,0.1705
2026-04-27T20:19:40,1777335580.933,speed_limit,IDLE,ThumbUp,0.1968,0.0000,0.0886,0.0000
2026-04-27T20:19:41,1777335581.133,estop_fist,IDLE,Fist,0.2084,-0.0256,0.0000,0.0000
2026-04-27T20:19:42,1777335582.384,speed_limit,IDLE,ThumbUp,0.1968,-0.0769,0.0886,-0.0346
2026-04-27T20:19:42,1777335582.483,pass_nav,IDLE,OpenPalm,0.2200,-0.0769,0.2200,-0.0769
2026-04-27T20:19:43,1777335583.682,correct_left,IDLE,PointLeft,0.2200,-0.0256,0.2200,0.3244
2026-04-27T20:19:46,1777335586.983,correct_right,IDLE,PointRight,0.2200,-0.1795,0.2200,-0.5295
2026-04-27T20:19:50,1777335590.036,correct_left,IDLE,PointLeft,0.2084,0.1795,0.2084,0.5295
2026-04-27T20:19:50,1777335590.232,pass_nav,IDLE,OpenPalm,0.2200,0.2821,0.2200,0.2821
2026-04-27T20:19:54,1777335594.333,speed_limit,IDLE,ThumbUp,0.0000,0.0000,0.0000,0.0000
2026-04-27T20:19:54,1777335594.682,pass_nav,IDLE,None,0.0000,0.0000,0.0000,0.0000
2026-04-27T20:20:09,1777335609.636,speed_limit,IDLE,ThumbUp,0.2200,0.9487,0.0990,0.4269
2026-04-27T20:20:09,1777335609.882,pass_nav,IDLE,OpenPalm,0.2200,0.3333,0.2200,0.3333
2026-04-27T20:20:11,1777335611.383,estop_fist,IDLE,Fist,0.2200,-0.1282,0.0000,0.0000
2026-04-27T20:20:13,1777335613.082,speed_limit,IDLE,ThumbUp,0.2200,-0.0769,0.0990,-0.0346
2026-04-27T20:20:13,1777335613.283,pass_nav,IDLE,OpenPalm,0.2200,0.1282,0.2200,0.1282
2026-04-27T20:20:15,1777335615.232,speed_limit,IDLE,ThumbUp,0.2200,-0.0769,0.0990,-0.0346
2026-04-27T20:20:15,1777335615.586,estop_fist,IDLE,Fist,0.2084,-0.0256,0.0000,0.0000
2026-04-27T20:20:17,1777335617.483,pass_nav,NAV,OpenPalm,0.2200,0.2821,0.2200,0.2821
2026-04-27T20:20:19,1777335619.382,estop_fist,IDLE,Fist,0.2200,0.3333,0.0000,0.0000
2026-04-27T20:20:23,1777335623.932,speed_limit,IDLE,ThumbUp,0.1968,-0.1282,0.0886,-0.0577
2026-04-27T20:20:24,1777335624.082,correct_left,IDLE,PointLeft,0.2200,-0.1282,0.2200,0.2218
2026-04-27T20:20:27,1777335627.682,pass_nav,IDLE,OpenPalm,0.2200,-0.2821,0.2200,-0.2821
2026-04-27T20:20:27,1777335627.832,correct_right,IDLE,PointRight,0.2084,-0.1795,0.2084,-0.5295
2026-04-27T20:20:31,1777335631.837,pass_nav,IDLE,OpenPalm,0.0811,0.2308,0.0811,0.2308
2026-04-27T20:20:32,1777335632.038,correct_right,IDLE,PointRight,0.0347,0.1795,0.0347,-0.1705
2026-04-27T20:20:35,1777335635.086,pass_nav,IDLE,OpenPalm,0.0000,0.4359,0.0000,0.4359
2026-04-27T20:20:39,1777335639.584,correct_right,IDLE,PointRight,0.0000,0.0000,0.0000,-0.3500
2026-04-27T20:20:40,1777335640.834,pass_nav,IDLE,None,0.0000,0.0000,0.0000,0.0000
2026-04-27T20:20:46,1777335646.933,estop_fist,IDLE,Fist,0.0000,0.0000,0.0000,0.0000
2026-04-27T20:20:48,1777335648.437,pass_nav,NAV,OpenPalm,0.0000,0.0000,0.0000,0.0000
2026-04-27T20:20:50,1777335650.882,correct_left,NAV,PointLeft,0.0000,0.0000,0.0000,0.3500
2026-04-27T20:21:00,1777335660.635,correct_right,NAV,PointRight,0.0000,0.0000,0.0000,-0.3500
2026-04-27T20:21:11,1777335671.883,estop_fist,IDLE,Fist,0.0000,0.0000,0.0000,0.0000
2026-04-27T20:21:13,1777335673.632,pass_nav,IDLE,None,0.0000,0.0000,0.0000,0.0000
2026-04-27T20:21:20,1777335680.534,estop_fist,IDLE,Fist,0.2200,0.2821,0.0000,0.0000
2026-04-27T20:21:25,1777335685.533,correct_left,IDLE,PointLeft,0.2200,-0.2308,0.2200,0.1192
2026-04-27T20:21:28,1777335688.584,pass_nav,IDLE,OpenPalm,0.2084,-0.5897,0.2084,-0.5897
2026-04-27T20:21:30,1777335690.584,correct_right,IDLE,PointRight,0.2200,0.1282,0.2200,-0.2218
2026-04-27T20:21:33,1777335693.133,pass_nav,IDLE,OpenPalm,0.2084,0.3846,0.2084,0.3846
2026-04-27T20:21:34,1777335694.482,correct_left,IDLE,PointLeft,0.2084,0.1282,0.2084,0.4782
2026-04-27T20:21:35,1777335695.932,pass_nav,IDLE,OpenPalm,0.2084,-0.2308,0.2084,-0.2308
2026-04-27T20:22:24,1777335744.532,estop_fist,IDLE,Fist,0.2084,0.3333,0.0000,0.0000
2026-04-27T20:22:26,1777335746.633,pass_nav,NAV,OpenPalm,0.2084,0.1282,0.2084,0.1282
2026-04-27T20:22:28,1777335748.182,speed_limit,NAV,ThumbUp,0.2200,-0.0256,0.0990,-0.0115
2026-04-27T20:22:28,1777335748.384,estop_fist,IDLE,Fist,0.1968,-0.0769,0.0000,0.0000
2026-04-27T20:22:38,1777335758.934,pass_nav,NAV,OpenPalm,0.2084,-0.0769,0.2084,-0.0769
2026-04-27T20:22:41,1777335761.733,correct_right,NAV,PointRight,0.2200,-0.0256,0.2200,-0.3756
2026-04-27T20:22:43,1777335763.582,pass_nav,NAV,OpenPalm,0.2200,0.3333,0.2200,0.3333
2026-04-27T20:22:44,1777335764.982,correct_left,NAV,PointLeft,0.2200,0.0000,0.2200,0.3500
2026-04-27T20:22:48,1777335768.082,pass_nav,NAV,OpenPalm,0.2084,-0.2821,0.2084,-0.2821
2026-04-27T20:22:49,1777335769.784,correct_right,NAV,PointRight,0.2200,-0.3333,0.2200,-0.6833
2026-04-27T20:22:52,1777335772.283,pass_nav,NAV,OpenPalm,0.1853,0.2821,0.1853,0.2821
2026-04-27T20:22:55,1777335775.183,speed_limit,NAV,ThumbUp,0.0000,-1.0000,0.0000,-0.4500
2026-04-27T20:22:55,1777335775.383,estop_fist,IDLE,Fist,0.0000,-1.0000,0.0000,0.0000
2026-04-27T20:23:05,1777335785.435,speed_limit,IDLE,ThumbUp,0.0000,-0.5385,0.0000,-0.2423
2026-04-27T20:23:05,1777335785.582,correct_left,IDLE,PointLeft,0.0000,-0.4359,0.0000,-0.0859
2026-04-27T20:23:06,1777335786.785,pass_nav,IDLE,OpenPalm,0.0000,-0.3333,0.0000,-0.3333
2026-04-27T20:23:07,1777335787.533,correct_right,IDLE,PointRight,0.0000,-0.2308,0.0000,-0.5808
2026-04-27T20:23:09,1777335789.633,correct_left,IDLE,PointLeft,0.0000,0.0000,0.0000,0.3500
2026-04-27T20:23:09,1777335789.982,pass_nav,IDLE,OpenPalm,0.0000,0.0000,0.0000,0.0000
2026-04-27T20:23:11,1777335791.834,correct_left,IDLE,PointLeft,0.0000,0.0000,0.0000,0.3500
2026-04-27T20:23:12,1777335792.282,correct_right,IDLE,PointRight,0.0000,0.0000,0.0000,-0.3500
2026-04-27T20:23:19,1777335799.782,speed_limit,IDLE,ThumbUp,0.0000,0.0000,0.0000,0.0000
2026-04-27T20:23:20,1777335800.033,pass_nav,IDLE,OpenPalm,0.0000,0.0000,0.0000,0.0000
2026-04-27T20:23:21,1777335801.283,correct_left,IDLE,PointLeft,0.0000,0.0000,0.0000,0.3500
2026-04-27T20:23:27,1777335807.782,speed_limit,IDLE,ThumbUp,0.0000,0.0000,0.0000,0.0000
2026-04-27T20:23:27,1777335807.932,pass_nav,IDLE,OpenPalm,0.0000,0.0000,0.0000,0.0000
2026-04-27T20:23:30,1777335810.333,estop_fist,IDLE,Fist,0.0000,0.0000,0.0000,0.0000
2026-04-27T20:23:31,1777335811.982,pass_nav,IDLE,None,0.0000,0.0000,0.0000,0.0000
2026-04-27T20:23:42,1777335822.782,estop_fist,IDLE,Fist,0.2084,-0.2821,0.0000,0.0000
2026-04-27T20:23:49,1777335829.933,pass_nav,NAV,OpenPalm,0.1968,0.4359,0.1968,0.4359
2026-04-27T20:23:51,1777335831.532,estop_fist,IDLE,Fist,0.2200,0.4872,0.0000,0.0000
2026-04-27T20:23:59,1777335839.233,pass_nav,NAV,OpenPalm,0.2200,-0.0256,0.2200,-0.0256
2026-04-27T20:24:01,1777335841.582,correct_right,NAV,PointRight,0.2200,0.0000,0.2200,-0.3500
2026-04-27T20:24:04,1777335844.033,correct_left,NAV,PointLeft,0.2200,0.1795,0.2200,0.5295
2026-04-27T20:24:06,1777335846.884,correct_right,NAV,PointRight,0.2084,-0.2308,0.2084,-0.5808
2026-04-27T20:24:08,1777335848.883,pass_nav,NAV,OpenPalm,0.2084,0.3333,0.2084,0.3333
2026-04-27T20:24:11,1777335851.583,correct_left,NAV,PointLeft,0.2200,-0.2821,0.2200,0.0679
2026-04-27T20:24:16,1777335856.235,speed_limit,NAV,ThumbUp,0.0000,0.8974,0.0000,0.4038
2026-04-27T20:24:16,1777335856.532,estop_fist,IDLE,Fist,0.0000,0.7436,0.0000,0.0000
2026-04-27T20:24:19,1777335859.933,pass_nav,IDLE,None,0.0000,0.1795,0.0000,0.1795
2026-04-27T20:24:30,1777335870.783,estop_fist,IDLE,Fist,0.2200,0.2821,0.0000,0.0000
2026-04-27T20:24:33,1777335873.433,pass_nav,NAV,OpenPalm,0.2084,-0.1795,0.2084,-0.1795
2026-04-27T20:24:34,1777335874.484,estop_fist,IDLE,Fist,0.1968,-0.0769,0.0000,0.0000
2026-04-27T20:24:37,1777335877.985,pass_nav,IDLE,None,0.2084,0.2308,0.2084,0.2308
2026-04-27T20:25:34,1777335934.834,estop_fist,IDLE,Fist,0.0000,0.0000,0.0000,0.0000
2026-04-27T20:25:35,1777335935.088,pass_nav,IDLE,None,0.0000,0.0000,0.0000,0.0000
2026-04-27T20:26:02,1777335962.882,estop_fist,IDLE,Fist,0.0000,0.0000,0.0000,0.0000
2026-04-27T20:26:03,1777335963.636,pass_nav,IDLE,None,0.0000,0.0000,0.0000,0.0000
2026-04-27T20:28:08,1777336088.185,speed_limit,IDLE,ThumbUp,0.0000,0.0000,0.0000,0.0000
2026-04-27T20:28:47,1777336127.186,pass_nav,IDLE,None,0.0000,0.0000,0.0000,0.0000
2026-04-27T20:29:20,1777336160.432,correct_right,IDLE,PointRight,0.0000,0.0000,0.0000,-0.3500
2026-04-27T20:29:22,1777336162.837,pass_nav,IDLE,None,0.0000,0.0000,0.0000,0.0000
2026-04-27T20:34:31,1777336471.032,speed_limit,IDLE,ThumbUp,0.0000,0.0000,0.0000,0.0000
2026-04-27T20:34:38,1777336478.732,estop_fist,IDLE,Fist,0.0000,0.0000,0.0000,0.0000
2026-04-27T20:34:38,1777336478.933,pass_nav,IDLE,None,0.0000,0.0000,0.0000,0.0000
2026-04-27T20:34:49,1777336489.282,speed_limit,IDLE,TwoFingers,0.2084,0.1282,0.0938,0.0577
2026-04-27T20:34:51,1777336491.483,pass_nav,IDLE,OpenPalm,0.1968,-0.1282,0.1968,-0.1282
2026-04-27T20:34:53,1777336493.935,speed_limit,IDLE,TwoFingers,0.1968,-0.0256,0.0886,-0.0115
2026-04-27T20:34:56,1777336496.732,correct_left,IDLE,PointLeft,0.2084,-0.2308,0.2084,0.1192
2026-04-27T20:35:00,1777336500.587,correct_right,IDLE,PointRight,0.2084,-0.1282,0.2084,-0.4782
2026-04-27T20:35:04,1777336504.532,estop_fist,IDLE,Fist,0.2200,-0.1282,0.0000,0.0000
2026-04-27T20:35:09,1777336509.433,pass_nav,NAV,OpenPalm,0.2084,-0.0256,0.2084,-0.0256
2026-04-27T20:35:11,1777336511.232,estop_fist,IDLE,Fist,0.1968,-0.0769,0.0000,0.0000
2026-04-27T20:35:15,1777336515.432,pass_nav,IDLE,None,0.0579,0.0769,0.0579,0.0769
2026-04-27T20:35:32,1777336532.032,estop_fist,IDLE,Fist,0.2084,0.6923,0.0000,0.0000
2026-04-27T20:35:34,1777336534.982,pass_nav,NAV,OpenPalm,0.2200,0.0769,0.2200,0.0769
2026-04-27T20:35:36,1777336536.534,estop_fist,IDLE,Fist,0.2200,0.0000,0.0000,0.0000
2026-04-27T20:35:40,1777336540.132,speed_limit,IDLE,ThumbUp,0.2084,0.0000,0.0938,0.0000
2026-04-27T20:35:40,1777336540.233,correct_left,IDLE,PointLeft,0.2200,0.0000,0.2200,0.3500
2026-04-27T20:35:43,1777336543.934,correct_right,IDLE,PointRight,0.2200,-0.0769,0.2200,-0.4269
2026-04-27T20:35:47,1777336547.282,correct_left,IDLE,PointLeft,0.2200,0.0000,0.2200,0.3500
2026-04-27T20:35:47,1777336547.383,speed_limit,IDLE,ThumbUp,0.2200,0.2308,0.0990,0.1038
2026-04-27T20:35:47,1777336547.532,estop_fist,IDLE,Fist,0.2084,0.2308,0.0000,0.0000
2026-04-27T20:35:48,1777336548.784,pass_nav,NAV,OpenPalm,0.2200,-0.1282,0.2200,-0.1282
2026-04-27T20:35:50,1777336550.332,correct_right,NAV,PointRight,0.2200,-0.1282,0.2200,-0.4782
2026-04-27T20:35:52,1777336552.382,estop_fist,IDLE,Fist,0.0463,0.1795,0.0000,0.0000
2026-04-27T20:35:52,1777336552.784,pass_nav,IDLE,None,0.0463,-0.0256,0.0463,-0.0256
2026-04-27T20:36:06,1777336566.388,estop_fist,IDLE,Fist,0.2200,0.1282,0.0000,0.0000
2026-04-27T20:36:08,1777336568.283,speed_limit,IDLE,ThumbUp,0.1968,-0.1795,0.0886,-0.0808
2026-04-27T20:36:08,1777336568.433,pass_nav,IDLE,OpenPalm,0.2200,-0.2308,0.2200,-0.2308
2026-04-27T20:36:10,1777336570.082,correct_left,IDLE,PointLeft,0.2200,0.0256,0.2200,0.3756
2026-04-27T20:36:12,1777336572.882,speed_limit,IDLE,ThumbUp,0.2200,-0.8462,0.0990,-0.3808
2026-04-27T20:36:12,1777336572.982,pass_nav,IDLE,OpenPalm,0.2200,-0.7949,0.2200,-0.7949
2026-04-27T20:36:15,1777336575.682,correct_right,IDLE,PointRight,0.2200,-0.0256,0.2200,-0.3756
2026-04-27T20:36:18,1777336578.183,pass_nav,IDLE,OpenPalm,0.2200,0.2308,0.2200,0.2308
2026-04-27T20:36:19,1777336579.632,estop_fist,IDLE,Fist,0.2084,-0.5897,0.0000,0.0000
2026-04-27T20:36:31,1777336591.282,correct_left,IDLE,PointLeft,0.1968,-0.3846,0.1968,-0.0346
2026-04-27T20:36:34,1777336594.984,pass_nav,IDLE,OpenPalm,0.2200,-0.1795,0.2200,-0.1795
2026-04-27T20:36:37,1777336597.382,correct_left,IDLE,PointLeft,0.2200,0.1795,0.2200,0.5295
2026-04-27T20:36:37,1777336597.583,correct_right,IDLE,PointRight,0.1968,0.1795,0.1968,-0.1705
2026-04-27T20:36:40,1777336600.284,pass_nav,IDLE,OpenPalm,0.2084,0.4872,0.2084,0.4872
2026-04-27T20:36:52,1777336612.133,estop_fist,IDLE,Fist,0.2200,-0.8462,0.0000,0.0000
2026-04-27T20:36:57,1777336617.284,speed_limit,IDLE,ThumbUp,0.1968,0.1282,0.0886,0.0577
2026-04-27T20:36:57,1777336617.432,pass_nav,IDLE,OpenPalm,0.2200,0.1795,0.2200,0.1795
2026-04-27T20:36:59,1777336619.533,estop_fist,IDLE,Fist,0.2084,0.0769,0.0000,0.0000
2026-04-27T20:37:03,1777336623.332,speed_limit,IDLE,ThumbUp,0.1968,-0.0769,0.0886,-0.0346
2026-04-27T20:37:03,1777336623.432,correct_left,IDLE,PointLeft,0.2084,-0.0256,0.2084,0.3244
2026-04-27T20:37:05,1777336625.883,correct_right,IDLE,PointRight,0.2200,-0.1795,0.2200,-0.5295
2026-04-27T20:37:09,1777336629.182,pass_nav,IDLE,OpenPalm,0.2200,0.3333,0.2200,0.3333
2026-04-27T20:37:11,1777336631.182,correct_right,IDLE,PointRight,0.2200,0.1795,0.2200,-0.1705
2026-04-27T20:37:14,1777336634.184,pass_nav,IDLE,OpenPalm,0.2200,0.0256,0.2200,0.0256
2026-04-27T20:37:14,1777336634.633,correct_right,IDLE,PointRight,0.2200,0.0769,0.2200,-0.2731
2026-04-27T20:37:14,1777336634.932,correct_left,IDLE,PointLeft,0.2200,-0.0256,0.2200,0.3244
2026-04-27T20:37:20,1777336640.132,pass_nav,IDLE,OpenPalm,0.2200,-0.1282,0.2200,-0.1282
2026-04-27T20:37:40,1777336660.032,estop_fist,IDLE,Fist,0.2200,0.1795,0.0000,0.0000
2026-04-27T20:37:42,1777336662.133,pass_nav,NAV,OpenPalm,0.2200,-0.0256,0.2200,-0.0256
2026-04-27T20:37:43,1777336663.782,speed_limit,NAV,ThumbUp,0.2200,-0.2308,0.0990,-0.1038
2026-04-27T20:37:43,1777336663.932,estop_fist,IDLE,Fist,0.1968,-0.2308,0.0000,0.0000
2026-04-27T20:37:47,1777336667.582,correct_left,IDLE,PointLeft,0.2084,-0.5385,0.2084,-0.1885
2026-04-27T20:37:49,1777336669.983,correct_right,IDLE,PointRight,0.2200,-0.2308,0.2200,-0.5808
2026-04-27T20:37:52,1777336672.232,speed_limit,IDLE,TwoFingers,0.2084,0.1282,0.0938,0.0577
2026-04-27T20:37:57,1777336677.333,pass_nav,IDLE,OpenPalm,0.1968,-0.0256,0.1968,-0.0256
2026-04-27T20:37:59,1777336679.282,correct_left,IDLE,PointLeft,0.2084,-0.0256,0.2084,0.3244
2026-04-27T20:38:08,1777336688.332,pass_nav,IDLE,None,0.0000,-0.6923,0.0000,-0.6923
2026-04-27T20:38:14,1777336694.034,correct_right,IDLE,PointRight,0.0000,0.0000,0.0000,-0.3500
2026-04-27T20:38:14,1777336694.532,pass_nav,IDLE,None,0.0000,0.0000,0.0000,0.0000
2026-04-27T20:38:24,1777336704.432,estop_fist,IDLE,Fist,0.2200,1.0000,0.0000,0.0000
2026-04-27T20:38:26,1777336706.133,pass_nav,NAV,OpenPalm,0.2200,0.4359,0.2200,0.4359
2026-04-27T20:38:28,1777336708.282,estop_fist,IDLE,Fist,0.2200,0.1282,0.0000,0.0000
2026-04-27T20:38:42,1777336722.035,speed_limit,IDLE,ThumbUp,0.2200,0.1795,0.0990,0.0808
2026-04-27T20:38:42,1777336722.232,estop_fist,IDLE,Fist,0.2200,0.1795,0.0000,0.0000
2026-04-27T20:38:52,1777336732.383,pass_nav,NAV,OpenPalm,0.2200,0.0769,0.2200,0.0769
2026-04-27T20:38:52,1777336732.532,estop_fist,IDLE,Fist,0.2200,0.0769,0.0000,0.0000
2026-04-27T20:38:55,1777336735.583,speed_limit,IDLE,ThumbUp,0.2200,0.0769,0.0990,0.0346
2026-04-27T20:38:56,1777336736.532,estop_fist,IDLE,Fist,0.2084,0.0769,0.0000,0.0000
2026-04-27T20:39:05,1777336745.432,speed_limit,IDLE,ThumbUp,0.0000,1.0000,0.0000,0.4500
2026-04-27T20:39:05,1777336745.932,estop_fist,IDLE,Fist,0.0000,1.0000,0.0000,0.0000
2026-04-27T20:39:09,1777336749.733,speed_limit,IDLE,ThumbUp,0.0000,1.0000,0.0000,0.4500
2026-04-27T20:39:09,1777336749.935,correct_left,IDLE,PointLeft,0.0000,0.0000,0.0000,0.3500
2026-04-27T20:39:21,1777336761.932,speed_limit,IDLE,ThumbUp,0.2200,-0.3846,0.0990,-0.1731
2026-04-27T20:39:22,1777336762.532,pass_nav,IDLE,OpenPalm,0.2200,-0.2821,0.2200,-0.2821
2026-04-27T20:39:23,1777336763.982,correct_right,IDLE,PointRight,0.2084,0.1795,0.2084,-0.1705
2026-04-27T20:39:25,1777336765.082,correct_left,IDLE,PointLeft,0.2200,0.4359,0.2200,0.7859
2026-04-27T20:39:27,1777336767.484,pass_nav,IDLE,OpenPalm,0.1274,-0.7436,0.1274,-0.7436
2026-04-27T20:39:41,1777336781.183,estop_fist,IDLE,Fist,0.2200,-0.2821,0.0000,0.0000
2026-04-27T20:39:46,1777336786.583,speed_limit,IDLE,ThumbUp,0.1968,0.2821,0.0886,0.1269
2026-04-27T20:39:46,1777336786.683,pass_nav,IDLE,OpenPalm,0.1968,0.2821,0.1968,0.2821
2026-04-27T20:39:48,1777336788.382,correct_left,IDLE,PointLeft,0.2200,0.0256,0.2200,0.3756
2026-04-27T20:40:02,1777336802.382,correct_right,IDLE,PointRight,0.2084,-0.4872,0.2084,-0.8372
2026-04-27T20:40:04,1777336804.235,pass_nav,IDLE,OpenPalm,0.1621,0.2821,0.1621,0.2821
2026-04-27T20:40:20,1777336820.032,estop_fist,IDLE,Fist,0.2200,-0.1282,0.0000,0.0000
2026-04-27T20:40:24,1777336824.732,speed_limit,IDLE,ThumbUp,0.2084,0.1282,0.0938,0.0577
2026-04-27T20:40:24,1777336824.932,correct_left,IDLE,PointLeft,0.2200,-0.0769,0.2200,0.2731
2026-04-27T20:40:27,1777336827.933,pass_nav,IDLE,OpenPalm,0.2084,-0.0769,0.2084,-0.0769
2026-04-27T20:40:33,1777336833.682,speed_limit,IDLE,TwoFingers,0.2200,-0.0256,0.0990,-0.0115
2026-04-27T20:40:39,1777336839.685,pass_nav,IDLE,OpenPalm,0.2084,0.2308,0.2084,0.2308
2026-04-27T20:40:42,1777336842.232,correct_right,IDLE,PointRight,0.2084,-0.1795,0.2084,-0.5295
2026-04-27T20:40:47,1777336847.282,pass_nav,IDLE,OpenPalm,0.1968,0.2308,0.1968,0.2308
2026-04-27T20:41:02,1777336862.332,estop_fist,IDLE,Fist,0.1737,1.0000,0.0000,0.0000
2026-04-27T20:41:19,1777336879.085,speed_limit,IDLE,ThumbUp,0.2200,-0.0256,0.0990,-0.0115
2026-04-27T20:41:19,1777336879.232,pass_nav,IDLE,OpenPalm,0.2200,0.1282,0.2200,0.1282
2026-04-27T20:41:21,1777336881.232,estop_fist,IDLE,Fist,0.2200,-0.0256,0.0000,0.0000
2026-04-27T20:41:23,1777336883.434,pass_nav,NAV,OpenPalm,0.2084,0.2308,0.2084,0.2308
2026-04-27T20:41:25,1777336885.482,estop_fist,IDLE,Fist,0.2200,0.1282,0.0000,0.0000
2026-04-27T20:41:30,1777336890.082,speed_limit,IDLE,ThumbUp,0.2200,0.3333,0.0990,0.1500
2026-04-27T20:41:30,1777336890.232,pass_nav,IDLE,OpenPalm,0.2200,0.3333,0.2200,0.3333
2026-04-27T20:41:32,1777336892.882,correct_left,IDLE,PointLeft,0.2200,0.2308,0.2200,0.5808
2026-04-27T20:41:37,1777336897.032,pass_nav,IDLE,OpenPalm,0.2200,-0.1282,0.2200,-0.1282
2026-04-27T20:42:06,1777336926.482,estop_fist,IDLE,Fist,0.1853,1.0000,0.0000,0.0000
2026-04-27T20:42:12,1777336932.632,pass_nav,NAV,OpenPalm,0.2200,0.0000,0.2200,0.0000
2026-04-27T20:42:14,1777336934.533,speed_limit,NAV,TwoFingers,0.2200,-0.2821,0.0990,-0.1269
2026-04-27T20:42:16,1777336936.732,correct_left,NAV,PointLeft,0.1968,-0.6923,0.1968,-0.3423
2026-04-27T20:42:17,1777336937.182,correct_right,NAV,PointRight,0.2200,-0.6923,0.2200,-1.0423
2026-04-27T20:42:19,1777336939.987,speed_limit,NAV,ThumbUp,0.2200,0.3846,0.0990,0.1731
2026-04-27T20:42:20,1777336940.134,correct_left,NAV,PointLeft,0.2200,0.3333,0.2200,0.6833
2026-04-27T20:42:23,1777336943.333,pass_nav,NAV,OpenPalm,0.2200,-0.2308,0.2200,-0.2308
2026-04-27T20:42:24,1777336944.735,correct_right,NAV,PointRight,0.2200,-0.3333,0.2200,-0.6833
2026-04-27T20:42:26,1777336946.084,pass_nav,NAV,OpenPalm,0.1158,0.1282,0.1158,0.1282
2026-04-27T20:42:44,1777336964.636,estop_fist,IDLE,Fist,0.1274,-0.8462,0.0000,0.0000
2026-04-27T20:42:48,1777336968.532,speed_limit,IDLE,ThumbUp,0.2200,-1.0000,0.0990,-0.4500
2026-04-27T20:42:48,1777336968.633,pass_nav,IDLE,OpenPalm,0.2200,-1.0000,0.2200,-1.0000
2026-04-27T20:42:52,1777336972.382,correct_left,IDLE,PointLeft,0.2084,-0.0769,0.2084,0.2731
2026-04-27T20:42:52,1777336972.882,pass_nav,IDLE,OpenPalm,0.2084,-0.1795,0.2084,-0.1795
2026-04-27T20:42:55,1777336975.032,correct_right,IDLE,PointRight,0.1968,-0.0769,0.1968,-0.4269
2026-04-27T20:43:04,1777336984.532,pass_nav,IDLE,OpenPalm,0.2084,0.1795,0.2084,0.1795
2026-04-27T20:43:07,1777336987.533,correct_right,IDLE,PointRight,0.2084,-0.0256,0.2084,-0.3756
2026-04-27T20:43:10,1777336990.883,pass_nav,IDLE,OpenPalm,0.2200,0.2821,0.2200,0.2821
2026-04-27T20:44:00,1777337040.885,estop_fist,IDLE,Fist,0.2200,0.1282,0.0000,0.0000
2026-04-27T20:44:04,1777337044.732,pass_nav,NAV,OpenPalm,0.1968,0.1282,0.1968,0.1282
2026-04-27T20:44:07,1777337047.282,speed_limit,NAV,TwoFingers,0.2084,-0.1282,0.0938,-0.0577
2026-04-27T20:44:11,1777337051.334,correct_left,NAV,PointLeft,0.2200,-0.1282,0.2200,0.2218
2026-04-27T20:44:14,1777337054.234,pass_nav,NAV,OpenPalm,0.2084,-0.0769,0.2084,-0.0769
2026-04-27T20:44:16,1777337056.382,correct_right,NAV,PointRight,0.2200,-0.1795,0.2200,-0.5295
2026-04-27T20:44:23,1777337063.432,pass_nav,NAV,OpenPalm,0.2084,0.1282,0.2084,0.1282
2026-04-27T20:44:26,1777337066.034,correct_right,NAV,PointRight,0.1968,-0.0256,0.1968,-0.3756
2026-04-27T20:44:29,1777337069.483,pass_nav,NAV,OpenPalm,0.2084,0.0256,0.2084,0.0256
2026-04-27T20:46:29,1777337189.134,correct_left,IDLE,PointLeft,0.1968,-0.1282,0.1968,0.2218
2026-04-27T20:46:36,1777337196.433,pass_nav,IDLE,OpenPalm,0.1968,-0.0256,0.1968,-0.0256
2026-04-27T20:46:38,1777337198.182,correct_left,IDLE,PointLeft,0.2200,0.0769,0.2200,0.4269
2026-04-27T20:46:49,1777337209.182,estop_fist,IDLE,Fist,0.2084,-0.0256,0.0000,0.0000
2026-04-27T20:46:54,1777337214.739,speed_limit,IDLE,ThumbUp,0.2200,0.0769,0.0990,0.0346
2026-04-27T20:46:55,1777337215.135,pass_nav,IDLE,None,0.2200,-0.0256,0.2200,-0.0256
2026-04-27T20:47:38,1777337258.833,estop_fist,IDLE,Fist,0.0000,0.0000,0.0000,0.0000
2026-04-27T20:47:38,1777337258.982,pass_nav,IDLE,None,0.0000,0.0000,0.0000,0.0000
2026-04-27T20:50:22,1777337422.632,correct_left,IDLE,PointLeft,0.0116,0.0256,0.0116,0.3756
2026-04-27T20:50:30,1777337430.232,pass_nav,IDLE,None,0.0000,-1.0000,0.0000,-1.0000
2026-04-27T20:52:14,1777337534.019,pass_nav,IDLE,None,0.0000,0.0000,0.0000,0.0000
2026-04-27T20:52:37,1777337557.412,estop_fist,IDLE,Fist,0.0000,0.0000,0.0000,0.0000
2026-04-27T20:52:38,1777337558.911,pass_nav,NAV,OpenPalm,0.0000,0.0000,0.0000,0.0000
2026-04-27T20:53:44,1777337624.210,estop_fist,IDLE,Fist,0.2084,0.2821,0.0000,0.0000
2026-04-27T20:53:47,1777337627.261,pass_nav,IDLE,None,0.2084,0.1795,0.2084,0.1795
2026-04-27T20:53:53,1777337633.961,estop_fist,IDLE,Fist,0.1968,0.0000,0.0000,0.0000
2026-04-27T20:53:59,1777337639.461,speed_limit,IDLE,TwoFingers,0.2084,0.0769,0.0938,0.0346
2026-04-27T20:54:03,1777337643.060,pass_nav,IDLE,OpenPalm,0.2084,0.0256,0.2084,0.0256
2026-04-27T20:54:05,1777337645.563,correct_left,IDLE,PointLeft,0.2200,0.1795,0.2200,0.5295
2026-04-27T20:54:07,1777337647.962,pass_nav,IDLE,OpenPalm,0.2084,-0.3846,0.2084,-0.3846
2026-04-27T20:54:10,1777337650.710,correct_left,IDLE,PointLeft,0.2200,0.0000,0.2200,0.3500
2026-04-27T20:54:15,1777337655.961,pass_nav,IDLE,OpenPalm,0.1042,-0.1795,0.1042,-0.1795
2026-04-27T20:54:18,1777337658.312,estop_fist,IDLE,Fist,0.0000,-0.6410,0.0000,0.0000
2026-04-27T20:54:24,1777337664.563,pass_nav,NAV,OpenPalm,0.0000,-0.2308,0.0000,-0.2308
2026-04-27T20:55:00,1777337700.562,estop_fist,IDLE,Fist,0.2084,0.0769,0.0000,0.0000
2026-04-27T20:55:04,1777337704.811,pass_nav,NAV,OpenPalm,0.2084,0.0256,0.2084,0.0256
2026-04-27T20:55:07,1777337707.761,speed_limit,NAV,TwoFingers,0.2084,-0.0769,0.0938,-0.0346
2026-04-27T20:55:11,1777337711.262,pass_nav,NAV,OpenPalm,0.2084,-0.0769,0.2084,-0.0769
2026-04-27T20:55:12,1777337712.511,correct_left,NAV,PointLeft,0.2200,-0.0769,0.2200,0.2731
2026-04-27T20:55:12,1777337712.710,correct_right,NAV,PointRight,0.2200,-0.1795,0.2200,-0.5295
2026-04-27T20:55:15,1777337715.511,pass_nav,NAV,OpenPalm,0.2200,0.2308,0.2200,0.2308
2026-04-27T20:55:18,1777337718.262,correct_right,NAV,PointRight,0.2200,-0.2821,0.2200,-0.6321
2026-04-27T20:55:21,1777337721.113,pass_nav,NAV,OpenPalm,0.2200,0.2308,0.2200,0.2308
2026-04-27T20:55:23,1777337723.062,correct_right,NAV,PointRight,0.2084,-0.0256,0.2084,-0.3756
2026-04-27T20:55:29,1777337729.115,pass_nav,NAV,OpenPalm,0.2200,0.1282,0.2200,0.1282
2026-04-27T20:55:32,1777337732.764,estop_fist,IDLE,Fist,0.1158,-0.2308,0.0000,0.0000
2026-04-27T20:55:36,1777337736.013,pass_nav,NAV,OpenPalm,0.0811,-0.2821,0.0811,-0.2821
2026-04-27T20:55:57,1777337757.111,correct_right,IDLE,PointRight,0.0000,0.0000,0.0000,-0.3500
2026-04-27T20:55:57,1777337757.664,pass_nav,IDLE,None,0.0000,0.0000,0.0000,0.0000
2026-04-27T20:58:00,1777337880.962,estop_fist,IDLE,Fist,0.1968,-0.0256,0.0000,0.0000
2026-04-27T20:58:09,1777337889.213,pass_nav,IDLE,None,0.2200,-0.2821,0.2200,-0.2821
2026-04-27T20:58:12,1777337892.513,estop_fist,IDLE,Fist,0.2200,-0.1282,0.0000,0.0000
2026-04-27T20:58:23,1777337903.061,speed_limit,IDLE,ThumbUp,0.1968,-0.6410,0.0886,-0.2885
2026-04-27T20:58:23,1777337903.364,pass_nav,IDLE,None,0.2084,-0.5385,0.2084,-0.5385
2026-04-27T21:02:21,1777338141.047,pass_nav,IDLE,None,0.0000,0.0000,0.0000,0.0000
2026-04-27T21:03:43,1777338223.091,speed_limit,IDLE,ThumbUp,0.0000,0.0000,0.0000,0.0000
2026-04-27T21:03:43,1777338223.343,pass_nav,IDLE,None,0.0000,0.0000,0.0000,0.0000
2026-04-27T21:04:24,1777338264.292,estop_fist,IDLE,Fist,0.1968,-0.0769,0.0000,0.0000
2026-04-27T21:04:32,1777338272.093,pass_nav,IDLE,None,0.2200,-0.3333,0.2200,-0.3333
2026-04-27T21:04:39,1777338279.491,correct_right,IDLE,PointRight,0.2200,0.0000,0.2200,-0.3500
2026-04-27T21:04:45,1777338285.192,estop_fist,IDLE,Fist,0.2200,0.1795,0.0000,0.0000
2026-04-27T21:04:54,1777338294.592,pass_nav,NAV,OpenPalm,0.1968,0.0769,0.1968,0.0769
2026-04-27T21:05:11,1777338311.740,estop_fist,IDLE,Fist,0.0000,0.0000,0.0000,0.0000
2026-04-27T21:05:12,1777338312.141,pass_nav,IDLE,None,0.0000,0.0000,0.0000,0.0000
2026-04-27T21:05:17,1777338317.441,estop_fist,IDLE,Fist,0.0000,0.0000,0.0000,0.0000
2026-04-27T21:05:17,1777338317.843,pass_nav,IDLE,None,0.0000,0.0000,0.0000,0.0000
2026-04-27T21:05:59,1777338359.242,speed_limit,IDLE,TwoFingers,0.1968,-0.0769,0.0886,-0.0346
2026-04-27T21:06:03,1777338363.642,estop_fist,IDLE,Fist,0.2200,-0.0256,0.0000,0.0000
2026-04-27T21:06:13,1777338373.546,correct_right,IDLE,PointRight,0.2084,0.1795,0.2084,-0.1705
2026-04-27T21:06:16,1777338376.991,correct_left,IDLE,PointLeft,0.2200,0.2821,0.2200,0.6321
2026-04-27T21:06:20,1777338380.643,pass_nav,IDLE,OpenPalm,0.2200,-0.0256,0.2200,-0.0256
2026-04-27T21:06:22,1777338382.392,estop_fist,IDLE,Fist,0.2084,0.1795,0.0000,0.0000
2026-04-27T21:06:26,1777338386.596,correct_left,IDLE,PointLeft,0.2084,0.0000,0.2084,0.3500
2026-04-27T21:06:34,1777338394.244,pass_nav,IDLE,OpenPalm,0.2084,0.0256,0.2084,0.0256
2026-04-27T21:06:42,1777338402.494,speed_limit,IDLE,ThumbUp,0.0000,0.0000,0.0000,0.0000
2026-04-27T21:06:42,1777338402.843,pass_nav,IDLE,None,0.0000,0.0000,0.0000,0.0000
2026-04-27T21:07:21,1777338441.641,speed_limit,IDLE,TwoFingers,0.2200,0.0000,0.0990,0.0000
2026-04-27T21:07:24,1777338444.640,pass_nav,IDLE,OpenPalm,0.2200,0.0769,0.2200,0.0769
2026-04-27T21:07:27,1777338447.793,correct_left,IDLE,PointLeft,0.2084,-0.1282,0.2084,0.2218
2026-04-27T21:07:28,1777338448.091,correct_right,IDLE,PointRight,0.2200,-0.0769,0.2200,-0.4269
2026-04-27T21:07:32,1777338452.592,pass_nav,IDLE,OpenPalm,0.2200,0.0000,0.2200,0.0000
2026-04-27T21:07:35,1777338455.792,estop_fist,IDLE,Fist,0.1968,-0.3333,0.0000,0.0000
2026-04-27T21:07:51,1777338471.041,pass_nav,NAV,OpenPalm,0.2200,-0.0256,0.2200,-0.0256
2026-04-27T21:09:50,1777338590.490,correct_left,IDLE,PointLeft,0.2200,-0.1795,0.2200,0.1705
2026-04-27T21:09:55,1777338595.041,pass_nav,IDLE,OpenPalm,0.2200,0.0769,0.2200,0.0769
2026-04-27T21:13:50,1777338830.341,estop_fist,IDLE,Fist,0.2200,-0.0256,0.0000,0.0000
2026-04-27T21:13:54,1777338834.292,speed_limit,IDLE,TwoFingers,0.2084,-0.0769,0.0938,-0.0346
2026-04-27T21:13:56,1777338836.542,pass_nav,IDLE,OpenPalm,0.2084,0.0256,0.2084,0.0256
2026-04-27T21:13:59,1777338839.341,correct_right,IDLE,PointRight,0.2200,-0.2821,0.2200,-0.6321
2026-04-27T21:14:03,1777338843.641,pass_nav,IDLE,OpenPalm,0.2084,0.0000,0.2084,0.0000
2026-04-27T21:14:06,1777338846.341,correct_right,IDLE,PointRight,0.1968,-0.1282,0.1968,-0.4782
2026-04-27T21:14:12,1777338852.841,correct_left,IDLE,PointLeft,0.2084,0.1282,0.2084,0.4782
2026-04-27T21:14:17,1777338857.292,pass_nav,IDLE,OpenPalm,0.0000,0.0000,0.0000,0.0000
2026-04-27T21:14:38,1777338878.741,estop_fist,IDLE,Fist,0.2084,0.0000,0.0000,0.0000
2026-04-27T21:14:42,1777338882.090,pass_nav,NAV,OpenPalm,0.1968,0.0256,0.1968,0.0256
2026-04-27T21:14:43,1777338883.691,estop_fist,IDLE,Fist,0.2200,0.0769,0.0000,0.0000
2026-04-27T21:14:46,1777338886.291,pass_nav,NAV,OpenPalm,0.2084,0.0769,0.2084,0.0769
2026-04-27T21:14:48,1777338888.992,estop_fist,IDLE,Fist,0.2084,0.2821,0.0000,0.0000
2026-04-27T21:14:52,1777338892.443,correct_left,IDLE,PointLeft,0.2200,-0.0256,0.2200,0.3244
2026-04-27T21:15:00,1777338900.741,pass_nav,IDLE,None,0.2200,0.0769,0.2200,0.0769
2026-04-27T21:15:02,1777338902.293,speed_limit,IDLE,ThumbUp,0.1158,0.0769,0.0521,0.0346
2026-04-27T21:15:02,1777338902.792,estop_fist,IDLE,Fist,0.0811,-0.0256,0.0000,0.0000
2026-04-27T21:15:11,1777338911.241,pass_nav,IDLE,None,0.0000,0.5385,0.0000,0.5385
2026-04-27T21:15:18,1777338918.640,speed_limit,IDLE,ThumbUp,0.0000,0.0000,0.0000,0.0000
2026-04-27T21:15:32,1777338932.991,pass_nav,IDLE,None,0.0000,0.0000,0.0000,0.0000
2026-04-27T21:16:10,1777338970.691,speed_limit,IDLE,ThumbUp,0.0000,0.0000,0.0000,0.0000
2026-04-27T21:16:49,1777339009.344,pass_nav,IDLE,None,0.0000,0.0000,0.0000,0.0000
2026-04-27T21:16:55,1777339015.993,speed_limit,IDLE,ThumbUp,0.0000,0.0000,0.0000,0.0000
2026-04-27T21:17:08,1777339028.493,pass_nav,IDLE,None,0.0000,0.0000,0.0000,0.0000
2026-04-27T21:17:50,1777339070.292,estop_fist,IDLE,Fist,0.1968,0.8462,0.0000,0.0000
2026-04-27T21:17:55,1777339075.091,speed_limit,IDLE,TwoFingers,0.2200,-0.0769,0.0990,-0.0346
2026-04-27T21:17:57,1777339077.341,pass_nav,IDLE,OpenPalm,0.2084,-0.0256,0.2084,-0.0256
2026-04-27T21:17:59,1777339079.545,speed_limit,IDLE,TwoFingers,0.2084,-0.0256,0.0938,-0.0115
2026-04-27T21:18:02,1777339082.341,pass_nav,IDLE,OpenPalm,0.2200,-0.2308,0.2200,-0.2308
2026-04-27T21:18:04,1777339084.293,estop_fist,IDLE,Fist,0.2200,-0.2308,0.0000,0.0000
2026-04-27T21:18:07,1777339087.092,pass_nav,IDLE,None,0.1621,0.1795,0.1621,0.1795
2026-04-27T21:18:12,1777339092.793,correct_left,IDLE,PointLeft,0.2084,-0.0256,0.2084,0.3244
2026-04-27T21:18:12,1777339092.991,speed_limit,IDLE,ThumbUp,0.2084,0.1282,0.0938,0.0577
2026-04-27T21:18:15,1777339095.743,pass_nav,IDLE,OpenPalm,0.1968,0.0256,0.1968,0.0256
2026-04-27T21:18:19,1777339099.191,speed_limit,IDLE,TwoFingers,0.2084,-0.1282,0.0938,-0.0577
2026-04-27T21:18:21,1777339101.043,estop_fist,IDLE,Fist,0.2200,-0.1795,0.0000,0.0000
2026-04-27T21:18:23,1777339103.442,correct_right,IDLE,PointRight,0.2200,-0.2308,0.2200,-0.5808
2026-04-27T21:18:31,1777339111.791,pass_nav,IDLE,OpenPalm,0.2200,-0.1282,0.2200,-0.1282
2026-04-27T21:18:43,1777339123.341,correct_right,IDLE,PointRight,0.0000,0.0000,0.0000,-0.3500
2026-04-27T21:18:48,1777339128.392,correct_left,IDLE,PointLeft,0.0000,0.0000,0.0000,0.3500
2026-04-27T21:18:48,1777339128.743,pass_nav,IDLE,OpenPalm,0.0000,0.0000,0.0000,0.0000
2026-04-27T21:18:49,1777339129.290,correct_left,IDLE,PointLeft,0.0000,0.0000,0.0000,0.3500
2026-04-27T21:18:52,1777339132.041,pass_nav,IDLE,OpenPalm,0.0000,0.0000,0.0000,0.0000
2026-04-27T21:18:53,1777339133.198,correct_left,IDLE,PointLeft,0.0000,0.0000,0.0000,0.3500
2026-04-27T21:18:55,1777339135.193,pass_nav,IDLE,None,0.0000,0.0000,0.0000,0.0000
2026-04-27T21:19:01,1777339141.090,estop_fist,IDLE,Fist,0.2084,0.1795,0.0000,0.0000
2026-04-27T21:19:04,1777339144.842,speed_limit,IDLE,TwoFingers,0.2084,0.2821,0.0938,0.1269
2026-04-27T21:19:07,1777339147.891,correct_left,IDLE,PointLeft,0.2084,0.2821,0.2084,0.6321
2026-04-27T21:19:11,1777339151.842,correct_right,IDLE,PointRight,0.1968,-0.0769,0.1968,-0.4269
2026-04-27T21:19:14,1777339154.940,correct_left,IDLE,PointLeft,0.2084,0.0000,0.2084,0.3500
2026-04-27T21:19:17,1777339157.092,speed_limit,IDLE,ThumbUp,0.1968,-0.0769,0.0886,-0.0346
2026-04-27T21:19:17,1777339157.390,estop_fist,IDLE,Fist,0.2200,-0.0769,0.0000,0.0000
2026-04-27T21:19:19,1777339159.141,speed_limit,IDLE,TwoFingers,0.2200,-0.0256,0.0990,-0.0115
2026-04-27T21:19:21,1777339161.444,pass_nav,IDLE,None,0.2200,0.0769,0.2200,0.0769
2026-04-27T21:58:41,1777341521.577,pass_nav,IDLE,None,0.0000,0.0000,0.0000,0.0000
2026-04-27T21:59:05,1777341545.577,speed_limit,IDLE,ThumbUp,0.0000,0.0000,0.0000,0.0000
2026-04-27T21:59:06,1777341546.172,estop_fist,IDLE,Fist,0.0000,0.0000,0.0000,0.0000
2026-04-27T21:59:07,1777341547.973,speed_limit,IDLE,ThumbUp,0.0000,0.0000,0.0000,0.0000
2026-04-27T21:59:08,1777341548.374,pass_nav,IDLE,None,0.0000,0.0000,0.0000,0.0000
2026-04-27T22:00:26,1777341626.571,speed_limit,IDLE,ThumbUp,0.0000,0.0000,0.0000,0.0000
2026-04-27T22:00:26,1777341626.672,pass_nav,IDLE,OpenPalm,0.0000,0.0000,0.0000,0.0000
2026-04-27T22:00:33,1777341633.273,speed_limit,IDLE,ThumbUp,0.0000,0.0000,0.0000,0.0000
2026-04-27T22:00:33,1777341633.523,estop_fist,IDLE,Fist,0.0000,0.0000,0.0000,0.0000
2026-04-27T22:00:36,1777341636.571,speed_limit,IDLE,ThumbUp,0.0000,0.0000,0.0000,0.0000
2026-04-27T22:00:36,1777341636.673,pass_nav,IDLE,OpenPalm,0.0000,0.0000,0.0000,0.0000
2026-04-27T22:03:36,1777341816.272,estop_fist,IDLE,Fist,0.2200,-0.0769,0.0000,0.0000
2026-04-27T22:03:40,1777341820.873,speed_limit,IDLE,TwoFingers,0.1968,-0.0256,0.0886,-0.0115
2026-04-27T22:03:45,1777341825.425,pass_nav,IDLE,None,0.1968,0.0256,0.1968,0.0256
2026-04-27T22:05:25,1777341925.133,pass_nav,IDLE,None,0.0000,0.0000,0.0000,0.0000
2026-04-27T22:08:28,1777342108.981,estop_fist,IDLE,Fist,0.2084,-0.1282,0.0000,0.0000
2026-04-27T22:08:33,1777342113.130,speed_limit,IDLE,TwoFingers,0.2084,-0.0769,0.0938,-0.0346
2026-04-27T22:08:35,1777342115.830,pass_nav,IDLE,OpenPalm,0.2200,0.0000,0.2200,0.0000
2026-04-27T22:08:39,1777342119.729,correct_right,IDLE,PointRight,0.2200,-0.3333,0.2200,-0.6833
2026-04-27T22:08:42,1777342122.831,pass_nav,IDLE,OpenPalm,0.2200,0.4359,0.2200,0.4359
2026-04-27T22:08:45,1777342125.129,correct_right,IDLE,PointRight,0.2084,-0.1795,0.2084,-0.5295
2026-04-27T22:08:49,1777342129.079,pass_nav,IDLE,OpenPalm,0.2200,0.4359,0.2200,0.4359
2026-04-27T22:08:52,1777342132.031,correct_right,IDLE,PointRight,0.2084,-0.1795,0.2084,-0.5295
2026-04-27T22:08:53,1777342133.981,correct_left,IDLE,PointLeft,0.2084,0.4359,0.2084,0.7859
2026-04-27T22:08:57,1777342137.179,pass_nav,IDLE,OpenPalm,0.0000,0.0000,0.0000,0.0000
2026-04-27T22:09:02,1777342142.233,speed_limit,IDLE,ThumbUp,0.0000,0.0000,0.0000,0.0000
2026-04-27T22:09:02,1777342142.534,pass_nav,IDLE,None,0.0000,0.0000,0.0000,0.0000
2026-04-27T22:09:59,1777342199.029,estop_fist,IDLE,Fist,0.2200,-0.0256,0.0000,0.0000
2026-04-27T22:10:02,1777342202.332,speed_limit,IDLE,TwoFingers,0.2200,-0.0256,0.0990,-0.0115
2026-04-27T22:10:04,1777342204.979,pass_nav,IDLE,OpenPalm,0.2084,0.0769,0.2084,0.0769
2026-04-27T22:10:07,1777342207.731,correct_right,IDLE,PointRight,0.2200,-0.0256,0.2200,-0.3756
2026-04-27T22:10:10,1777342210.882,pass_nav,IDLE,OpenPalm,0.2200,0.2821,0.2200,0.2821
2026-04-27T22:10:13,1777342213.729,correct_right,IDLE,PointRight,0.2200,-0.1795,0.2200,-0.5295
2026-04-27T22:10:16,1777342216.182,pass_nav,IDLE,OpenPalm,0.2200,0.1795,0.2200,0.1795
2026-04-27T22:10:18,1777342218.379,correct_right,IDLE,PointRight,0.2084,-0.1795,0.2084,-0.5295
2026-04-27T22:10:21,1777342221.032,correct_left,IDLE,PointLeft,0.2200,0.4872,0.2200,0.8372
2026-04-27T22:10:25,1777342225.979,pass_nav,IDLE,OpenPalm,0.2200,-0.5897,0.2200,-0.5897
2026-04-27T22:10:28,1777342228.229,estop_fist,IDLE,Fist,0.2200,-0.1282,0.0000,0.0000
2026-04-27T22:10:31,1777342231.582,speed_limit,IDLE,TwoFingers,0.1968,-0.0769,0.0886,-0.0346
2026-04-27T22:10:35,1777342235.985,pass_nav,IDLE,None,0.0811,0.1282,0.0811,0.1282
2026-04-27T22:12:17,1777342337.830,estop_fist,IDLE,Fist,0.2200,-0.0318,0.0000,0.0000
2026-04-27T22:12:21,1777342341.184,speed_limit,IDLE,TwoFingers,0.2084,0.0769,0.0938,0.0346
2026-04-27T22:12:25,1777342345.229,pass_nav,IDLE,OpenPalm,0.1968,0.0000,0.1968,0.0000
2026-04-27T22:12:27,1777342347.429,correct_left,IDLE,PointLeft,0.2200,0.0000,0.2200,0.3500
2026-04-27T22:12:29,1777342349.681,pass_nav,IDLE,OpenPalm,0.2200,-0.3846,0.2200,-0.3846
2026-04-27T22:12:32,1777342352.179,correct_right,IDLE,PointRight,0.2084,0.3333,0.2084,-0.0167
2026-04-27T22:12:38,1777342358.680,speed_limit,IDLE,ThumbUp,0.2200,0.1795,0.0990,0.0808
2026-04-27T22:12:38,1777342358.881,estop_fist,IDLE,Fist,0.1968,0.2821,0.0000,0.0000
2026-04-27T22:12:41,1777342361.781,correct_left,IDLE,PointLeft,0.2200,0.2308,0.2200,0.5808
2026-04-27T22:12:47,1777342367.932,estop_fist,IDLE,Fist,0.2200,-0.2821,0.0000,0.0000
2026-04-27T22:12:50,1777342370.930,pass_nav,NAV,OpenPalm,0.2200,-0.4872,0.2200,-0.4872
2026-04-27T22:14:03,1777342443.729,estop_fist,IDLE,Fist,0.2200,0.0000,0.0000,0.0000
2026-04-27T22:14:07,1777342447.230,pass_nav,NAV,OpenPalm,0.2200,0.0000,0.2200,0.0000
2026-04-27T22:14:09,1777342449.681,speed_limit,NAV,TwoFingers,0.2084,0.0000,0.0938,0.0000
2026-04-27T22:14:12,1777342452.481,correct_right,NAV,PointRight,0.2200,0.0000,0.2200,-0.3500
2026-04-27T22:14:15,1777342455.429,estop_fist,IDLE,Fist,0.2200,0.2759,0.0000,0.0000
2026-04-27T22:14:17,1777342457.831,correct_left,IDLE,PointLeft,0.2084,0.4359,0.2084,0.7859
2026-04-27T22:14:21,1777342461.280,pass_nav,IDLE,OpenPalm,0.2084,-0.5385,0.2084,-0.5385
2026-04-27T22:14:24,1777342464.780,correct_right,IDLE,PointRight,0.2200,-0.3333,0.2200,-0.6833
2026-04-27T22:14:27,1777342467.632,speed_limit,IDLE,TwoFingers,0.2084,0.3333,0.0938,0.1500
2026-04-27T22:14:33,1777342473.440,pass_nav,IDLE,OpenPalm,0.2200,-0.0769,0.2200,-0.0769
2026-04-27T22:14:35,1777342475.930,estop_fist,IDLE,Fist,0.2200,-0.0256,0.0000,0.0000
2026-04-27T22:14:38,1777342478.733,pass_nav,NAV,OpenPalm,0.1853,0.0769,0.1853,0.0769
